filename,label,ракурс,ракурс_сторона,видимый_глаз,yaw,pitch,roll,aperture_shrinkage,eyelid_thickness,lid_smoothness,eyelid_edge_sharpness,eye_symmetry_anomaly,sclera_iris_boundary,pupil_apparent_size,orbit_area_ratio,periocular_lbp_entropy,eyelid_sss,iris_visible_ratio,iris_center_offset,sclera_asymmetry,landmark_discrepancy,specular_brdf,eye_contour_divergence,subsurface_violation,ear_texture_cliff,skin_tone_mismatch,combined_mean,combined_median,combined_max,eye_mean,cross_mean,zero_count,saturated_count,high_anomaly,metrics_active,natural_flag
1998_01_01.jpg,real,light,R,both,15.451873,-18.245218,0.69566,0.711628,0.65,0.337205,0.634112,1.0,0.364583,0.109035,0.0,0.296068,0.743926,0.0,0.589795,0.0,0.69436,0.004809,0.387331,0.333333,0.0,0.584246,0.391602,0.364583,1.0,0.418181,0.334013,4,1,3,15,NATURAL
1999_01_11.jpg,real,deep,R,both,45.084068,-20.292801,-13.627562,0.675579,0.45,0.0,1.0,0.0,0.0,0.0,0.059185,0.0,0.0,0.0,0.350794,1.0,1.0,0.372072,0.215002,0.198781,0.0,0.0,0.280074,0.059185,1.0,0.271966,0.297642,9,3,3,10,NATURAL
1999_07_01.jpg,real,frontal,C,both,0.0,0.0,0.0,0.872642,0.35,0.0,0.520769,1.0,0.229167,0.227675,0.0,0.0,0.0,0.0,0.410667,0.0,0.777571,0.381269,0.426921,0.200822,0.302592,0.196055,0.310324,0.229167,1.0,0.277763,0.380872,6,1,3,13,NATURAL
1999_08_12 (2).jpg,real,frontal,C,both,0.0,0.0,0.0,0.873682,0.45,0.0,0.553303,0.857447,0.0,0.576307,0.0,0.0,0.0,0.18153,0.370409,1.0,0.774458,0.576681,0.56625,0.093892,0.861052,0.850876,0.451889,0.553303,1.0,0.374052,0.620535,5,1,6,14,UNNATURAL
1999_08_12.jpg,real,frontal,C,both,0.0,0.0,0.0,0.88743,0.5,0.0,0.726826,1.0,0.0,0.084388,0.0,0.0,0.0,0.0,0.914812,0.0,0.563078,0.535802,0.25415,0.351657,0.0,0.0,0.306218,0.084388,1.0,0.31642,0.284114,9,1,4,10,UNNATURAL
1999_08_16(2).jpg,real,frontal,C,both,0.0,0.0,0.0,0.670261,0.3,0.0,1.0,0.538144,0.0,0.301026,0.0,0.215061,0.0,0.0,0.268285,1.0,0.742081,0.67817,0.259224,0.080286,0.474254,0.709404,0.380852,0.3,1.0,0.330214,0.49057,5,2,4,14,UNNATURAL
1999_08_16.jpg,real,mid,L,both,-44.842579,-28.458876,24.860031,0.686201,0.5,0.0,0.59111,0.0,1.0,1.0,0.175765,0.490194,0.535227,0.631496,0.0,1.0,0.11654,0.112838,0.271951,0.495316,0.0,0.0,0.400349,0.490194,1.0,0.508461,0.166107,5,3,3,14,NATURAL
1999_09_01(2).jpg,real,light,L,both,-22.618885,-15.111088,7.471615,0.738855,0.8,0.149789,0.936075,1.0,0.0,0.623519,0.0,0.0,0.0,0.0,0.008868,0.244445,0.833711,0.25644,0.511361,0.201281,0.0,0.475495,0.356834,0.244445,1.0,0.346273,0.379715,6,1,5,13,UNNATURAL
1999_09_01.jpg,real,light,L,both,-7.105458,-7.509142,-0.287263,0.844664,1.0,1.0,1.0,1.0,0.0,0.234331,0.0,1.0,0.0,0.0,0.549655,0.389721,0.937805,0.402264,0.583141,0.193644,0.0,0.834026,0.524697,0.549655,1.0,0.539875,0.491813,5,5,8,14,UNNATURAL
1999_09_08.jpg,real,mid,R,both,26.234934,-17.233469,-5.21134,0.656664,1.0,1.0,1.0,1.0,1.0,0.263363,0.0,1.0,0.0,0.212537,0.193678,0.979514,0.847689,0.608901,0.648183,0.325822,0.906079,0.765601,0.653054,0.765601,1.0,0.638904,0.683712,2,6,10,17,UNNATURAL
1999_10_19.jpg,real,frontal,C,both,0.0,0.0,0.0,0.916187,0.4,0.0,0.358603,0.84584,1.0,1.0,0.0,0.0,0.11471,0.355971,0.487961,1.0,0.787731,0.197306,0.58471,0.325611,0.824807,0.607152,0.516136,0.487961,1.0,0.498406,0.554553,3,3,7,16,UNNATURAL
1999_10_23.jpg,real,frontal,C,both,0.0,0.0,0.0,0.779317,0.45,0.0,0.45125,1.0,1.0,0.252643,0.0,0.0,0.669029,0.0,0.468624,1.0,0.742177,0.389019,0.565665,0.333333,0.127236,0.0,0.433068,0.45,1.0,0.466989,0.359572,5,3,5,14,UNNATURAL
1999_11_01 (2).jpg,real,mid,R,both,44.897213,-19.560114,-14.568142,0.659969,0.55,0.0,1.0,0.456857,0.677084,0.0,0.085172,0.80013,0.0,0.0,0.468667,1.0,0.884838,0.296099,0.086198,0.093428,0.0,0.0,0.371497,0.296099,1.0,0.438298,0.226761,6,2,4,13,UNNATURAL
1999_11_01.jpg,real,light,R,both,22.690695,-7.430668,-2.430189,0.870494,1.0,0.879416,0.972462,1.0,1.0,0.00661,0.0,0.863817,0.0,0.0,0.75455,1.0,0.875318,0.999934,0.388353,0.0,0.701385,0.668628,0.630577,0.863817,1.0,0.642104,0.605603,4,5,12,15,UNNATURAL
1999_11_29.jpg,real,light,L,both,-7.211554,-17.175114,2.360031,0.804101,0.65,0.0,1.0,1.0,0.0,0.351293,0.0,0.600036,0.0,0.0,0.073407,0.498229,0.736877,0.281646,0.662102,0.298872,0.464559,0.791368,0.432236,0.464559,1.0,0.382851,0.539237,5,2,5,14,UNNATURAL
1999_12_01 (2).jpg,real,deep,R,both,57.536293,-21.920769,-19.199429,0.481651,0.35,0.661466,1.0,0.0,1.0,1.0,0.895408,1.0,0.0,0.062289,0.355169,1.0,0.575696,0.378628,0.0,0.333333,0.0,0.0,0.478613,0.378628,1.0,0.60046,0.214609,5,5,6,14,UNNATURAL
2000_01_01.jpg,real,frontal,C,both,0.0,0.0,0.0,0.750261,0.55,0.0,1.0,1.0,0.0,0.33826,0.0,0.299622,0.701512,0.0,0.0,0.0,0.862974,0.216382,0.49106,0.744823,0.101186,0.590509,0.402452,0.33826,1.0,0.356897,0.501156,6,2,6,13,UNNATURAL
2000_02_23(2).jpg,real,deep,R,both,58.285641,-37.170555,-36.035789,0.0,1.0,0.0,0.0,0.0,0.0,0.0,1.0,0.0,1.0,0.0,0.0,0.0,1.0,0.0,1.0,0.0,0.0,1.0,0.315789,0.0,1.0,0.230769,0.5,13,6,6,6,UNNATURAL
2000_02_23.jpg,real,frontal,C,both,0.0,0.0,0.0,0.617791,0.25,0.0,0.85985,0.0,1.0,1.0,1.0,0.636592,0.861313,1.0,1.0,1.0,0.656953,0.267434,0.380822,0.455293,0.716818,0.089592,0.620656,0.656953,1.0,0.709657,0.427819,2,6,9,17,UNNATURAL
2000_02_26.jpg,real,mid,L,both,-30.945522,-16.005522,25.025681,0.792702,0.7,0.786956,1.0,0.0,0.0,0.69127,0.0,1.0,0.0,0.97147,0.500511,1.0,0.624971,0.504716,0.511826,0.333333,0.0,0.946176,0.54547,0.624971,1.0,0.572531,0.486837,5,3,7,14,UNNATURAL
2000_03_17.jpg,real,light,L,both,-22.567535,-25.261877,10.171187,0.795627,0.65,1.0,1.0,0.834554,1.0,1.0,0.0,1.0,0.0,0.233112,0.0,1.0,0.682698,0.212821,0.559137,0.061061,0.0,0.0,0.527843,0.65,1.0,0.654869,0.252619,5,6,8,14,UNNATURAL
2000_03_25.jpg,real,frontal,C,both,0.0,0.0,0.0,0.860442,0.65,0.0,0.91944,1.0,0.0,0.567951,0.0,0.0,0.000467,0.0,0.071367,0.165819,0.989498,0.386188,0.688123,0.260122,0.155863,0.771916,0.394063,0.260122,1.0,0.325807,0.541952,5,1,5,14,UNNATURAL
2000_04_17.jpg,real,light,L,both,-6.278841,-10.851089,4.602273,0.821803,0.55,0.0,0.476017,0.821334,0.4375,0.867871,0.0,0.258443,0.0,0.0,0.310794,1.0,0.777076,0.255188,0.58977,0.322419,0.855287,0.792373,0.480836,0.476017,1.0,0.426443,0.598686,4,1,7,15,UNNATURAL
2000_04_24(2).jpg,real,light,L,both,-20.659239,-3.913318,4.192169,0.84312,0.6,0.505343,1.0,0.787596,0.375,0.585655,0.0,1.0,1.0,0.037282,0.579735,0.375484,0.813426,0.0,0.587589,0.606903,0.0,0.726148,0.548594,0.587589,1.0,0.591478,0.455678,3,3,7,16,UNNATURAL
2000_05_01 (2).jpg,real,mid,L,both,-39.633068,-0.437677,5.929717,0.916855,0.7,0.0,0.478455,0.0,1.0,0.973032,0.106402,0.0,0.759066,0.0,0.940643,1.0,1.0,0.255857,0.207561,0.328461,0.0,0.108171,0.461816,0.328461,1.0,0.528804,0.316675,5,3,7,14,UNNATURAL
2000_05_01.jpg,real,frontal,C,both,0.0,0.0,0.0,0.938108,0.2,0.0,0.706097,0.56344,1.0,0.194646,0.0,0.081221,0.399075,0.0,1.0,0.553339,0.758568,0.415081,0.351151,0.354076,0.0,0.219856,0.407087,0.354076,1.0,0.433533,0.349789,4,2,5,15,UNNATURAL
2000_05_07(2).jpg,real,profile_skipped,,both,-70.542351,-5.658977,13.028716,,,,,,,,,,,,,,,,,,,,0.0,0.0,0.0,0.0,0.0,0,0,0,0,UNKNOWN
2000_05_08(2).jpg,real,frontal,C,both,0.0,0.0,0.0,0.852428,0.7,0.099819,0.589811,1.0,1.0,0.24656,0.0,0.791082,0.671108,0.0,0.725287,0.891086,0.746725,0.693423,0.373531,0.359371,0.61124,0.714653,0.582428,0.693423,1.0,0.582091,0.583157,2,2,8,17,UNNATURAL
2000_05_08(3).jpg,real,frontal,C,both,0.0,0.0,0.0,0.877671,0.85,0.46639,0.793887,1.0,0.854167,0.203569,0.0,1.0,1.0,0.0,0.932553,1.0,0.655965,0.999934,0.483655,0.354779,0.690655,0.85849,0.685353,0.85,1.0,0.690634,0.673913,2,5,11,17,UNNATURAL
2000_05_08(5).jpg,real,frontal,C,both,0.0,0.0,0.0,0.852592,0.55,0.0,1.0,1.0,1.0,0.340298,0.0,0.710989,0.703526,0.0,0.810389,0.249389,0.959434,0.596926,0.378439,0.410854,0.949611,0.932768,0.60238,0.703526,1.0,0.555168,0.704672,3,3,10,16,UNNATURAL
2000_05_08(6).jpg,real,frontal,C,both,0.0,0.0,0.0,0.897935,0.75,0.0,1.0,1.0,0.239583,0.414373,0.0,0.994303,0.173523,0.0,0.48507,0.045823,0.860412,0.343812,0.51979,0.11014,0.500148,0.762437,0.478808,0.48507,1.0,0.461585,0.516123,3,3,7,16,UNNATURAL
2000_05_09 (2).jpg,real,frontal,C,both,0.0,0.0,0.0,0.842598,0.45,0.0,1.0,0.890036,1.0,0.0,0.0,0.994874,1.0,0.0,0.581812,0.107992,0.776452,0.0,0.425319,0.569134,0.342545,0.0,0.472672,0.45,1.0,0.528255,0.352242,6,4,7,13,UNNATURAL
2000_05_09 (3).jpg,real,light,L,both,-23.066429,-0.031804,-1.573169,0.917886,0.4,0.0,0.595416,0.0,1.0,1.0,0.140974,0.0,0.910645,1.0,1.0,1.0,0.97499,0.0,0.301461,0.412535,0.816244,0.096293,0.556129,0.595416,1.0,0.612686,0.433587,4,5,9,15,UNNATURAL
2000_05_09.jpg,real,light,R,both,13.254173,-14.207172,-2.21764,0.995492,0.45,0.0,0.738892,1.0,1.0,1.0,0.135643,0.0,0.790673,0.0,1.0,1.0,0.523132,0.198444,0.641525,0.429484,0.338143,0.224829,0.550856,0.523132,1.0,0.6239,0.392593,3,6,8,16,UNNATURAL
2000_05_12.jpg,real,light,R,both,15.946186,-14.364878,-1.782417,1.0,0.35,0.0,0.780593,0.034694,0.0,1.0,0.213488,0.0,0.0,0.889801,0.0,1.0,0.923062,0.342967,1.0,0.333333,0.730649,0.766738,0.492912,0.35,1.0,0.405275,0.682791,5,4,9,14,UNNATURAL
2000_05_18.jpg,real,profile_skipped,,both,-65.795326,6.088916,3.688405,,,,,,,,,,,,,,,,,,,,0.0,0.0,0.0,0.0,0.0,0,0,0,0,UNKNOWN
2000_06_12.jpg,real,profile_skipped,,both,-66.643143,-9.171922,5.519993,,,,,,,,,,,,,,,,,,,,0.0,0.0,0.0,0.0,0.0,0,0,0,0,UNKNOWN
2000_06_14.jpg,real,frontal,C,both,0.0,0.0,0.0,0.850081,0.45,0.0,0.459161,1.0,1.0,0.395525,0.0,0.020284,0.719186,0.0,0.617667,1.0,0.437252,0.593362,0.486615,0.480489,0.263634,0.825949,0.505221,0.480489,1.0,0.500916,0.51455,3,3,6,16,UNNATURAL
2000_07_04.jpg,real,mid,R,both,28.086908,-21.452955,-0.64367,0.875545,0.8,0.498196,0.866597,1.0,0.0,0.383277,0.0,0.0,0.0,0.0,0.696693,0.910926,0.621189,0.289378,0.465163,0.264164,0.799668,0.0,0.445831,0.465163,1.0,0.463941,0.406594,6,1,6,13,UNNATURAL
2000_07_08.jpg,real,frontal,C,both,2.239749,-9.022873,-0.000632,0.84561,0.55,0.0,0.882549,1.0,0.0,0.375292,0.0,0.0,0.0,0.0,0.189859,1.0,0.804888,0.185297,0.643459,0.049533,0.771711,0.797062,0.426066,0.375292,1.0,0.372562,0.541992,6,2,7,13,UNNATURAL
2000_07_23.jpg,real,frontal,C,both,0.0,0.0,0.0,0.988984,0.8,0.519562,0.297446,1.0,1.0,0.355343,0.0,1.0,1.0,0.0,0.999716,0.661755,0.783571,0.999972,0.487806,0.106303,0.91698,0.565616,0.657003,0.783571,1.0,0.663293,0.643375,2,6,10,17,UNNATURAL
2000_08_23.jpg,real,light,R,both,17.445328,-23.845367,-4.969418,0.838826,0.7,0.243739,0.767468,0.732721,1.0,0.396871,0.0,0.0,0.0,0.0,0.230902,1.0,0.945803,0.985682,0.665622,0.333333,0.401527,0.0,0.486447,0.401527,1.0,0.454656,0.555328,5,2,7,14,UNNATURAL
2000_09_06.jpg,real,frontal,C,both,2.39953,-19.437571,0.047012,0.763176,0.75,1.0,1.0,0.730865,1.0,0.722566,0.0,1.0,0.0,0.446354,0.0,1.0,0.559695,0.294783,1.0,0.333333,0.471438,0.804986,0.625116,0.730865,1.0,0.647151,0.577372,3,6,11,16,UNNATURAL
2000_09_29.jpg,real,light,R,both,10.174713,-13.398414,7.399819,0.638533,0.65,0.0,0.498329,1.0,0.0,0.0,0.0,0.550822,0.0,0.0,0.09537,0.480848,0.760567,0.26933,0.655578,0.333333,0.546595,0.105635,0.346576,0.333333,1.0,0.301069,0.445173,6,1,2,13,NATURAL
2000_10_26.jpg,real,light,R,both,10.720285,-15.371573,-4.526298,0.834095,0.7,0.0,0.640607,1.0,0.0,0.193645,0.0,0.067577,0.0,0.0,0.0,0.0,0.758921,0.386796,0.853035,0.333333,0.234164,0.0,0.315904,0.193645,1.0,0.264302,0.427708,8,1,4,11,UNNATURAL
2000_11_14.jpg,real,profile_skipped,,both,-76.089607,-6.749997,7.825725,,,,,,,,,,,,,,,,,,,,0.0,0.0,0.0,0.0,0.0,0,0,0,0,UNKNOWN
2000_11_20 (3).jpg,real,profile_skipped,,both,70.377228,-25.326868,-31.597021,,,,,,,,,,,,,,,,,,,,0.0,0.0,0.0,0.0,0.0,0,0,0,0,UNKNOWN
2000_11_20.jpg,real,deep,R,both,45.792007,-13.273921,-11.527957,0.651665,0.65,0.476101,0.880404,0.0,1.0,0.242163,0.27717,1.0,0.238434,0.0,0.096209,1.0,0.633565,0.222136,0.212891,0.390977,0.0,0.413553,0.44133,0.390977,1.0,0.500934,0.312187,3,3,4,16,UNNATURAL
2000_11_22.jpg,real,profile_skipped,,both,70.756073,-22.521381,-12.351737,,,,,,,,,,,,,,,,,,,,0.0,0.0,0.0,0.0,0.0,0,0,0,0,UNKNOWN
2000_11_24.jpg,real,profile_skipped,,both,73.153252,-34.620621,-33.34446,,,,,,,,,,,,,,,,,,,,0.0,0.0,0.0,0.0,0.0,0,0,0,0,UNKNOWN
2000_11_28.jpg,real,profile_skipped,,both,73.812378,-32.434376,-28.165091,,,,,,,,,,,,,,,,,,,,0.0,0.0,0.0,0.0,0.0,0,0,0,0,UNKNOWN
2000_12_05.jpg,real,profile_skipped,,both,-67.415627,-10.674479,10.230163,,,,,,,,,,,,,,,,,,,,0.0,0.0,0.0,0.0,0.0,0,0,0,0,UNKNOWN
2000_12_26.jpg,real,deep,L,both,-63.338505,-19.45557,9.754108,0.620145,0.25,0.086193,1.0,0.0,1.0,1.0,0.802099,0.078844,0.0,0.0,0.0,1.0,0.04425,0.9996,0.0,0.072056,0.998302,0.0,0.418499,0.086193,1.0,0.449022,0.352368,6,6,7,13,UNNATURAL
2001_01_05.jpg,real,profile_skipped,,both,-81.389893,-23.703575,26.39451,,,,,,,,,,,,,,,,,,,,0.0,0.0,0.0,0.0,0.0,0,0,0,0,UNKNOWN
2001_01_16.jpg,real,profile_skipped,,both,-67.758812,-29.247322,30.332973,,,,,,,,,,,,,,,,,,,,0.0,0.0,0.0,0.0,0.0,0,0,0,0,UNKNOWN
2001_01_17.jpg,real,light,L,both,-20.87715,-8.239056,2.929427,0.801636,0.4,0.256541,0.564784,0.667689,1.0,0.438962,0.0,0.0,0.0,0.361074,0.0,0.379759,0.970338,0.618709,0.81843,0.237233,0.940334,0.802661,0.487271,0.438962,1.0,0.37465,0.731284,4,1,6,15,UNNATURAL
2001_01_29.jpg,real,deep,R,both,46.411556,-12.490518,-6.10915,0.659343,0.7,0.0,1.0,0.0,0.0,0.202745,0.348158,0.0,0.0,0.0,0.19708,1.0,0.629117,0.33226,0.112034,0.333333,0.0,0.411014,0.311847,0.202745,1.0,0.315948,0.30296,7,2,2,12,NATURAL
2001_01_30.jpg,real,profile_skipped,,both,67.026871,-32.181618,-22.155193,,,,,,,,,,,,,,,,,,,,0.0,0.0,0.0,0.0,0.0,0,0,0,0,UNKNOWN
2001_02_15.jpg,real,frontal,C,both,-2.812743,-17.639774,-2.926657,0.781862,0.35,0.181333,0.721042,0.909767,0.197917,0.148708,0.0,0.0,0.0,0.135359,0.0,1.0,0.848092,0.435848,1.0,0.309306,0.352159,0.624657,0.420845,0.35,1.0,0.340461,0.59501,4,2,6,15,UNNATURAL
2001_02_22.jpg,real,deep,R,both,56.687824,-34.200748,-17.680498,0.305458,1.0,0.0,1.0,1.0,0.0,0.0,0.761891,0.0,1.0,0.0,0.0,0.0,1.0,0.383425,1.0,0.0,0.0,1.0,0.444778,0.305458,1.0,0.389796,0.563904,9,7,8,10,UNNATURAL
2001_02_27 (3).jpg,real,light,L,both,-8.881267,-7.59783,1.196821,0.76386,0.6,0.613005,0.698512,1.0,0.0,0.224535,0.0,0.610545,0.0,0.0,0.397846,0.0,0.771445,0.327164,0.531131,0.273019,0.907953,0.591885,0.437416,0.531131,1.0,0.377562,0.567099,5,1,4,14,UNNATURAL
2001_02_27.jpg,real,frontal,C,both,-2.706545,-9.231058,-0.707337,0.789883,0.75,0.767031,0.454103,1.0,0.229167,0.200594,0.0,0.574451,0.0,0.0,0.400318,0.0,0.816544,0.430213,0.616033,0.324117,0.678329,0.774062,0.463413,0.454103,1.0,0.39735,0.60655,4,1,6,15,UNNATURAL
2001_03_23.jpg,real,frontal,C,both,0.0,0.0,0.0,0.770357,0.85,0.903057,0.553516,0.952066,1.0,0.0,0.0,0.539274,0.538387,0.0,0.0,0.521446,0.993329,0.296996,1.0,0.091556,0.788647,0.273093,0.530091,0.539274,1.0,0.509854,0.573937,4,3,8,15,UNNATURAL
2001_03_29.jpg,real,frontal,C,both,-1.908574,-4.660261,-0.173598,0.831123,0.7,0.0,0.473609,1.0,0.0,0.0,0.0,0.0,0.0,0.0,0.652431,0.0,0.793513,0.462725,0.569001,0.282428,0.0,0.858246,0.348583,0.282428,1.0,0.28132,0.494319,9,1,4,10,UNNATURAL
2001_04_10 (3).jpg,real,frontal,C,both,1.112068,-22.733068,-0.681675,0.688298,0.6,0.0,0.855845,1.0,1.0,0.948336,0.0,0.9129,0.309631,0.06844,0.043731,0.606621,0.96253,0.364485,0.619933,0.327381,0.0,0.0,0.489902,0.6,1.0,0.541062,0.379055,4,2,6,15,UNNATURAL
2001_04_10.jpg,real,light,R,both,8.986268,-13.102502,-4.445718,0.780891,0.55,0.599192,1.0,1.0,0.260417,0.363872,0.0,0.900288,0.0,0.0,0.345544,0.0,0.930937,0.223587,0.703744,0.300464,0.0,0.65222,0.453219,0.363872,1.0,0.44617,0.468492,5,2,6,14,UNNATURAL
2001_04_27.jpg,real,profile_skipped,,both,66.310257,-8.078839,-2.462624,,,,,,,,,,,,,,,,,,,,0.0,0.0,0.0,0.0,0.0,0,0,0,0,UNKNOWN
2001_05_28.jpg,real,deep,R,both,54.039318,-31.114529,-18.917328,0.41708,0.75,0.0,0.681504,0.0,1.0,1.0,0.604749,0.090412,0.0,0.0,0.0,1.0,0.511008,0.341833,0.0,0.384257,0.494567,0.0,0.382916,0.384257,1.0,0.426442,0.288611,7,3,4,12,UNNATURAL
2001_06_16 (2).jpg,real,light,L,both,-15.917872,-8.148812,1.302587,0.837568,0.5,0.864607,0.699353,0.156468,1.0,0.882641,0.041576,0.662291,0.0,0.704494,0.876772,1.0,0.882044,0.177661,0.504482,0.269294,0.74985,0.474774,0.593888,0.699353,1.0,0.632752,0.509684,1,2,9,18,UNNATURAL
2001_07_18.jpg,real,frontal,C,both,-4.936106,-11.843996,-0.311677,0.79554,0.25,0.0,0.478376,0.049164,0.0,0.532017,0.0,0.0,0.659581,0.0,0.209802,1.0,0.640199,0.232256,0.598679,0.567742,0.789347,0.0,0.358037,0.25,1.0,0.305729,0.471371,6,1,3,13,NATURAL
2001_09_03(1).jpg,real,mid,L,both,-36.156845,-2.078021,-3.356088,1.0,0.2,0.296729,1.0,1.0,1.0,0.259243,0.111824,1.0,0.0,0.0,1.0,0.560273,0.679457,0.132927,0.093921,0.333333,0.0,0.134943,0.463297,0.296729,1.0,0.57139,0.229097,3,6,6,16,UNNATURAL
2001_09_25 (2).jpg,real,deep,L,both,-48.835392,-12.969845,8.162683,0.838282,0.6,0.0,1.0,0.0,0.0,1.0,0.610908,0.0,0.565687,0.376454,0.0,1.0,0.645661,0.301197,0.625788,0.445584,0.908639,0.450804,0.493105,0.565687,1.0,0.460872,0.562945,5,3,5,14,UNNATURAL
2001_09_25.jpg,real,frontal,C,both,1.599989,-15.257645,-1.828993,0.688436,0.45,0.0,1.0,1.0,0.0,0.206154,0.0,0.0,0.0,0.0,0.14919,0.0,0.677578,0.005568,0.666019,0.0,0.346534,0.063018,0.276447,0.063018,1.0,0.268752,0.29312,8,2,2,11,NATURAL
2001_11_22.jpg,real,light,R,both,23.940611,-24.733898,-8.812104,0.728022,0.6,0.0,0.598089,0.771394,0.0,0.297113,0.0,0.0,0.0,0.0,0.0,1.0,0.795643,0.492366,0.311257,0.206239,0.0,0.845842,0.349788,0.297113,1.0,0.307278,0.441891,8,1,5,11,UNNATURAL
2001_12_06.jpg,real,profile_skipped,,both,-79.301765,-38.483257,45.279236,,,,,,,,,,,,,,,,,,,,0.0,0.0,0.0,0.0,0.0,0,0,0,0,UNKNOWN
2021_03_08 (2).jpg,silicone,light,L,both,-10.448518,-1.84419,0.27706,1.0,0.55,0.134212,0.965962,1.0,0.479165,1.0,0.276876,0.672499,0.390193,0.063516,0.966347,1.0,1.0,0.383349,0.555236,0.251722,0.755136,0.213139,0.613545,0.555236,1.0,0.653752,0.52643,0,5,8,19,UNNATURAL
2021_10_10.jpg,silicone,frontal,C,both,2.290826,-10.387841,-0.565428,0.994643,0.85,0.515183,0.898225,1.0,1.0,0.529604,0.150273,1.0,0.232445,0.356917,1.0,1.0,0.774653,0.999963,0.508653,0.272358,0.903957,0.513024,0.710521,0.85,1.0,0.732868,0.662101,0,7,11,19,UNNATURAL
2022_01_01.jpg,silicone,frontal,C,both,0.0,0.0,0.0,1.0,0.85,0.223656,1.0,0.766239,0.0,1.0,0.235297,0.510998,0.433125,0.292013,1.0,1.0,0.964236,0.393881,0.52892,0.437171,0.0,0.916281,0.60799,0.52892,1.0,0.639333,0.540081,2,5,9,17,UNNATURAL
2022_01_25.jpg,silicone,frontal,C,both,0.0,0.0,0.0,1.0,0.7,0.0,0.852212,1.0,0.854168,0.858738,0.0,1.0,0.785089,0.0,1.0,0.0,0.773993,0.520649,0.366571,0.176941,0.773635,0.783416,0.60239,0.773993,1.0,0.619247,0.565867,4,4,11,15,UNNATURAL
2022_02_01.jpg,silicone,frontal,C,both,0.0,0.0,0.0,1.0,0.85,0.25416,1.0,1.0,0.0,1.0,0.0,1.0,0.0,0.0,0.489716,0.0,0.930808,0.402293,0.671346,0.333333,0.477794,0.854407,0.540203,0.489716,1.0,0.507221,0.611664,5,5,8,14,UNNATURAL
2022_02_21.jpg,silicone,light,L,both,-9.24727,-7.690406,0.400427,0.988993,0.8,0.41874,0.646082,1.0,1.0,0.776575,0.171207,1.0,0.860115,0.062125,0.901887,0.943051,0.930852,0.665753,0.654005,0.300364,0.746068,0.854705,0.722133,0.8,1.0,0.73606,0.691958,0,3,12,19,UNNATURAL
2022_03_01.jpg,silicone,frontal,C,both,0.082502,-19.748642,-0.987546,0.94895,0.55,0.0,1.0,1.0,0.0,1.0,0.127074,0.382101,0.0,0.64865,1.0,1.0,0.697661,0.603885,0.566509,0.333333,0.683189,0.845274,0.599296,0.64865,1.0,0.588983,0.621642,3,5,7,16,UNNATURAL
2022_04_01.jpg,silicone,frontal,C,both,-2.290439,-12.238804,-0.595926,1.0,0.6,1.0,1.0,1.0,1.0,1.0,0.392495,1.0,0.107978,0.990507,1.0,1.0,0.822955,0.696018,0.665389,0.246025,0.814627,0.811902,0.797258,0.990507,1.0,0.853152,0.676153,0,10,13,19,UNNATURAL
2022_04_27.jpg,silicone,light,R,both,13.985205,-0.065081,0.438326,1.0,0.95,0.698161,0.672372,1.0,1.0,1.0,0.479454,1.0,0.0,1.0,1.0,1.0,1.0,0.865447,0.750221,0.297692,0.669588,0.709327,0.79433,0.95,1.0,0.830768,0.715379,1,9,13,18,UNNATURAL
2022_05_01.jpg,silicone,frontal,C,both,0.0,0.0,0.0,1.0,0.6,0.0,1.0,0.911062,0.0,1.0,0.251359,0.0,0.0,0.619894,1.0,0.849838,0.919364,0.0,0.455479,0.244922,0.662083,0.867395,0.546389,0.619894,1.0,0.556319,0.524874,5,4,8,14,UNNATURAL
2022_06_12.jpg,silicone,deep,L,both,-55.563499,-3.129815,3.845558,0.99333,0.55,1.0,1.0,0.192697,1.0,1.0,1.0,1.0,0.0,1.0,1.0,1.0,1.0,0.219128,0.688299,0.075403,0.597692,0.082437,0.70521,1.0,1.0,0.825848,0.443826,1,11,11,18,UNNATURAL
2022_06_24.jpg,silicone,light,R,both,21.664846,-8.734022,8.298049,0.983007,0.65,0.512989,1.0,0.508128,1.0,1.0,0.484248,1.0,0.0,0.842131,1.0,1.0,0.865613,0.731848,0.510175,0.010321,0.974312,0.299221,0.703789,0.842131,1.0,0.767731,0.565248,1,6,11,18,UNNATURAL
2022_06_30 (2).jpg,silicone,frontal,C,both,0.0,0.0,0.0,0.940485,0.5,0.03133,1.0,0.078434,1.0,1.0,0.217078,1.0,0.044617,0.440108,1.0,1.0,0.624522,0.249555,0.466743,0.0,0.510047,0.845583,0.576237,0.510047,1.0,0.634773,0.449408,1,6,8,18,UNNATURAL
2022_07_20.jpg,silicone,light,R,both,24.384472,-13.401032,-4.371778,0.905876,0.45,0.069321,1.0,0.541122,0.8125,1.0,0.036279,0.794043,0.0,0.009565,0.672458,1.0,0.806961,0.439414,0.608293,0.333333,0.922153,0.586644,0.578314,0.608293,1.0,0.560859,0.616133,1,3,8,18,UNNATURAL
2022_08_05.jpg,silicone,mid,R,both,31.935814,-24.131166,-10.083764,0.875447,0.85,0.780623,0.790465,1.0,1.0,1.0,0.459406,1.0,0.141663,0.972629,1.0,1.0,0.986047,0.256646,0.227919,0.0,0.0,0.05346,0.652332,0.85,1.0,0.836172,0.254012,2,6,12,17,UNNATURAL
2022_09_20 (2).jpg,silicone,frontal,C,both,2.869837,-10.956596,-0.723424,0.994937,0.65,0.731545,1.0,1.0,0.0,0.723031,0.0,0.856752,0.0,0.0,0.673565,1.0,1.0,0.313949,0.641149,0.333333,0.655189,0.96002,0.607025,0.673565,1.0,0.58691,0.650607,4,5,9,15,UNNATURAL
2022_10_31.jpg,silicone,mid,R,both,32.264885,-9.804606,1.178206,0.844273,0.4,1.0,0.858296,1.0,1.0,0.204854,0.320482,1.0,0.360357,0.0,0.928277,0.0,1.0,0.186765,0.308475,0.194217,0.770329,0.408456,0.56762,0.408456,1.0,0.608965,0.47804,2,5,9,17,UNNATURAL
2022_11_23.jpg,silicone,mid,R,both,26.665411,-18.901016,-8.275837,1.0,0.35,0.628002,1.0,1.0,1.0,1.0,0.6774,1.0,0.0,0.916678,1.0,1.0,0.976691,0.0,0.524025,0.333333,0.0,0.289556,0.668194,0.916678,1.0,0.813237,0.353934,3,8,10,16,UNNATURAL
2022_12_22.jpg,silicone,frontal,C,both,-1.90199,2.386411,0.511124,1.0,0.85,1.0,1.0,1.0,1.0,1.0,0.231824,1.0,0.0,0.44461,0.68966,0.0,1.0,0.127927,0.841342,0.0,0.47756,0.588455,0.644809,0.841342,1.0,0.70893,0.505881,3,8,10,16,UNNATURAL
2022_12_31.jpg,silicone,light,L,both,-9.614221,-10.023924,0.605129,0.929714,0.45,1.0,1.0,1.0,1.0,0.966383,0.09434,1.0,0.0,0.712742,0.0,0.0,0.974827,0.219237,1.0,0.0,0.896647,0.89013,0.638633,0.896647,1.0,0.627168,0.663473,4,6,12,15,UNNATURAL
2023_03_08.jpg,silicone,light,L,both,-23.043556,-11.495378,4.143189,0.866486,0.9,0.265937,1.0,0.645743,0.302084,1.0,0.011885,1.0,0.0,1.0,0.788932,0.0,1.0,0.051247,0.556649,0.230258,0.904437,0.944868,0.603607,0.788932,1.0,0.598544,0.614576,2,5,10,17,UNNATURAL
2023_03_18.jpg,silicone,light,R,both,24.970703,24.387304,22.031464,1.0,0.35,0.732935,0.747496,0.0,1.0,0.73024,0.47327,1.0,0.0,0.0,0.29838,1.0,1.0,0.459501,0.81282,0.28095,0.66692,0.0,0.555395,0.66692,1.0,0.564025,0.536698,4,5,9,15,UNNATURAL
2023_03_22.jpg,silicone,light,R,both,6.706793,-10.362364,-0.699179,1.0,0.75,0.145679,1.0,1.0,0.072917,1.0,0.0,0.837379,0.0,0.0,0.099309,1.0,0.944695,0.400465,0.884951,0.0,0.0,0.882719,0.527269,0.75,1.0,0.531176,0.518805,5,5,10,14,UNNATURAL
2023_04_29.jpg,silicone,light,R,both,12.667261,-6.663312,-1.445384,1.0,0.8,0.504676,0.748027,0.687277,1.0,1.0,0.038552,0.874008,0.0,0.0,1.0,1.0,0.987289,0.0,0.449296,0.0,0.285501,0.200646,0.556593,0.687277,1.0,0.66558,0.320455,4,5,9,15,UNNATURAL
2023_07_27.jpg,silicone,frontal,C,both,0.0,0.0,0.0,1.0,0.6,0.288442,1.0,0.679217,1.0,1.0,0.510142,1.0,0.521242,1.0,1.0,1.0,0.80179,0.0,0.536327,0.021439,0.533851,0.473233,0.682404,0.679217,1.0,0.815311,0.39444,1,8,9,18,UNNATURAL
2023_08_17.jpg,silicone,frontal,C,both,0.0,0.0,0.0,1.0,1.0,0.985659,1.0,1.0,1.0,1.0,0.244298,1.0,0.0,0.993347,0.304778,1.0,1.0,0.221353,0.793685,0.0,0.985638,0.383588,0.732229,0.993347,1.0,0.809852,0.564044,2,10,13,17,UNNATURAL
2023_12_05.jpg,silicone,frontal,C,both,0.0,0.0,0.0,0.975086,0.65,0.680529,1.0,1.0,1.0,1.0,0.0,1.0,0.0,0.063131,1.0,1.0,0.628278,0.247669,0.524675,0.141783,0.67145,0.848841,0.654286,0.680529,1.0,0.720673,0.510449,2,7,9,17,UNNATURAL
2024_02_22 (2).jpg,silicone,light,L,both,-17.488411,-14.154187,2.46265,1.0,0.4,0.584932,0.724691,1.0,1.0,0.992673,0.634572,1.0,0.316462,1.0,0.806861,1.0,0.803106,0.0,0.660807,0.272317,0.0,0.0,0.641917,0.724691,1.0,0.80463,0.289372,3,7,10,16,UNNATURAL
2024_03_02.jpg,silicone,frontal,C,both,-0.259068,-9.395289,-1.092007,1.0,0.75,0.98225,0.8732,1.0,1.0,1.0,0.008713,1.0,0.0,0.080568,0.914098,1.0,0.904281,0.0,0.646646,0.197828,0.838865,0.882657,0.688374,0.882657,1.0,0.739141,0.57838,2,6,13,17,UNNATURAL
2024_06_19.jpg,silicone,light,L,both,-20.928907,-16.109394,4.547187,1.0,0.6,1.0,1.0,1.0,1.0,1.0,0.529113,1.0,0.0,1.0,0.925124,1.0,1.0,0.133899,0.960104,0.041144,0.0,0.518736,0.72148,1.0,1.0,0.850326,0.442314,2,10,12,17,UNNATURAL
2024_06_20.jpg,silicone,frontal,C,both,0.0,0.0,0.0,1.0,0.5,0.0,0.706468,0.506419,1.0,1.0,0.40038,0.237233,0.0,1.0,1.0,1.0,0.715036,0.0,0.798679,0.252078,0.75995,0.928635,0.621309,0.715036,1.0,0.642346,0.57573,3,6,11,16,UNNATURAL
2024_07_03.jpg,silicone,frontal,C,both,0.0,0.0,0.0,0.866314,0.75,1.0,1.0,1.0,1.0,1.0,0.246373,1.0,0.004939,0.168991,0.839375,0.0,0.770353,0.558495,0.492842,0.102061,0.522821,0.338198,0.613724,0.75,1.0,0.682769,0.464128,1,6,10,18,UNNATURAL
2024_08_21.jpg,silicone,profile_skipped,,both,81.824829,10.861753,11.56229,,,,,,,,,,,,,,,,,,,,0.0,0.0,0.0,0.0,0.0,0,0,0,0,UNKNOWN
2024_09_07.jpg,silicone,frontal,C,both,0.0,0.0,0.0,0.987068,0.65,0.783818,1.0,1.0,1.0,1.0,0.560173,1.0,1.0,0.646364,1.0,0.138025,0.937192,0.35354,0.218381,0.647074,0.763683,0.797387,0.762248,0.797387,1.0,0.828111,0.619543,0,7,12,19,UNNATURAL
2024_10_04.jpg,silicone,light,L,both,-9.321126,-11.340184,0.460242,0.961552,0.65,0.515674,1.0,1.0,0.864583,0.784664,0.0,1.0,0.0,0.0,1.0,0.0,0.841404,0.223385,0.432614,0.218383,0.908655,0.93934,0.596855,0.784664,1.0,0.59819,0.593963,4,4,10,15,UNNATURAL
2024_11_06.jpg,silicone,frontal,C,both,0.0,0.0,0.0,1.0,0.75,0.524509,1.0,1.0,1.0,1.0,0.017745,1.0,0.158781,0.0,1.0,0.446207,0.7078,0.852681,0.41628,0.149811,0.937185,0.867428,0.67518,0.852681,1.0,0.684403,0.655197,1,7,12,18,UNNATURAL
2024_12_19 (6).jpg,silicone,light,L,both,-7.065137,-11.087879,0.284026,0.908887,0.6,0.240325,0.970638,1.0,0.21875,0.063864,0.0,1.0,0.0,0.0,1.0,0.0,0.705327,0.142041,0.317836,0.140464,0.765343,0.933611,0.474057,0.317836,1.0,0.461728,0.50077,4,3,8,15,UNNATURAL
2025_02_21.jpg,silicone,frontal,C,both,0.0,0.0,0.0,1.0,0.85,0.851188,1.0,1.0,0.437501,1.0,0.033944,1.0,0.0,0.08728,0.836498,0.0,1.0,0.414654,0.634745,0.2327,0.566519,0.885447,0.622657,0.836498,1.0,0.622801,0.622344,2,6,10,17,UNNATURAL
2025_03_17.jpg,silicone,frontal,C,both,-2.625201,-12.683989,-1.034689,1.0,0.45,1.0,0.788459,1.0,1.0,1.0,0.37837,1.0,0.108215,1.0,1.0,1.0,0.892403,0.516281,0.699969,0.282969,0.834088,0.831236,0.777999,0.892403,1.0,0.825003,0.676158,0,9,13,19,UNNATURAL
2025_03_27 (3).jpg,silicone,frontal,C,both,0.0,0.0,0.0,0.979331,0.85,0.076635,1.0,1.0,1.0,0.563552,0.025291,1.0,0.0,0.020655,0.931137,0.382921,1.0,0.757101,0.501427,0.333333,0.692018,0.888107,0.631658,0.757101,1.0,0.602271,0.695331,1,5,10,18,UNNATURAL
2026_03_25.jpg,silicone,deep,L,both,-45.461224,-1.990546,3.760597,1.0,0.3,0.448306,1.0,1.0,0.0,1.0,1.0,1.0,0.0,1.0,1.0,0.025727,1.0,0.071416,0.441317,0.275489,0.651414,0.541029,0.618668,0.651414,1.0,0.674926,0.496777,2,9,9,17,UNNATURAL
